{
  "transcript": "Hello, my name is Sigina, I am a junior majoring in computer science currently. I work at the ISC Research Park on large language models building new technologies that helped bridge the gap between softwares and zirmin dirigings and the world requirements.",
  "word_count": 42,
  "duration_seconds": 21.0,
  "words_per_minute": 120.0,
  "segments": [
    {
      "id": 0,
      "seek": 0,
      "start": 0.0,
      "end": 7.0,
      "text": " Hello, my name is Sigina, I am a junior majoring in computer science currently.",
      "tokens": [
        50364,
        2425,
        11,
        452,
        1315,
        307,
        318,
        328,
        1426,
        11,
        286,
        669,
        257,
        16195,
        2563,
        278,
        294,
        3820,
        3497,
        4362,
        13,
        50714
      ],
      "temperature": 0.0,
      "avg_logprob": -0.5749362158396888,
      "compression_ratio": 1.3763440860215055,
      "no_speech_prob": 0.07723340392112732
    },
    {
      "id": 1,
      "seek": 0,
      "start": 7.0,
      "end": 14.0,
      "text": " I work at the ISC Research Park on large language models building new technologies that",
      "tokens": [
        50714,
        286,
        589,
        412,
        264,
        6205,
        34,
        10303,
        4964,
        322,
        2416,
        2856,
        5245,
        2390,
        777,
        7943,
        300,
        51064
      ],
      "temperature": 0.0,
      "avg_logprob": -0.5749362158396888,
      "compression_ratio": 1.3763440860215055,
      "no_speech_prob": 0.07723340392112732
    },
    {
      "id": 2,
      "seek": 0,
      "start": 14.0,
      "end": 21.0,
      "text": " helped bridge the gap between softwares and zirmin dirigings and the world requirements.",
      "tokens": [
        51064,
        4254,
        7283,
        264,
        7417,
        1296,
        2787,
        4151,
        495,
        293,
        710,
        347,
        2367,
        4746,
        328,
        1109,
        293,
        264,
        1002,
        7728,
        13,
        51414
      ],
      "temperature": 0.0,
      "avg_logprob": -0.5749362158396888,
      "compression_ratio": 1.3763440860215055,
      "no_speech_prob": 0.07723340392112732
    }
  ],
  "fillers": {}
}